,explicit
9,
16,
17,
24,
29,
42,
67,
74,
77,
116,
118,
143,
147,
187,
195,
208,
224,
229,
233,
234,
285,
291,
295,
304,
309,
314,
318,
323,
337,
362,
365,
387,
409,
444,
484,
489,
510,
515,
522,
531,
549,
567,
590,
591,
597,
599,
605,
606,
608,
637,
649,
651,
671,
682,
683,
686,
694,
700,
724,
736,
752,
754,
765,
786,
793,
801,
810,
821,
823,
841,
843,
879,
902,
905,
937,
946,
967,
969,
1004,
1029,
1035,
1055,
1058,
1063,
1064,
1073,
1113,
1120,
1150,
1160,
1166,
1174,
1199,
1216,
1233,
1234,
1251,
1261,
1263,
1294,
1297,
1334,
1341,
1345,
1351,
1353,
1367,
1382,
1387,
1413,
1438,
1439,
1452,
1458,
1470,
1489,
1500,
1502,
1529,
1530,
1531,
1538,
1544,
1550,
1557,
1574,
1577,
1579,
1591,
1605,
1613,
1641,
1647,
1656,
1659,
1661,
1677,
1716,
1721,
1740,
1755,
1764,
1767,
1775,
1780,
1791,
1794,
1819,
1820,
1826,
1848,
1850,
1872,
1910,
1994,
1995,
2001,
2015,
2020,
2022,
2026,
2039,
2041,
2055,
2056,
2058,
2062,
2068,
2069,
2079,
2085,
2091,
2092,
2115,
2129,
2136,
2137,
2157,
2163,
2164,
2166,
2203,
2209,
2244,
2264,
2268,
2283,
2297,
2307,
2322,
2375,
2378,
2403,
2407,
2423,
2439,
2459,
2495,
2496,
2506,
2511,
2523,
2527,
2529,
2533,
2547,
2565,
2584,
2591,
2596,
2604,
2609,
2618,
2643,
2648,
2651,
2661,
2669,
2673,
2708,
2710,
2716,
2743,
2777,
2778,
2782,
2795,
2796,
2807,
2809,
2816,
2819,
2826,
2832,
2833,
2839,
2877,
2885,
2888,
2889,
2903,
2918,
2963,
2975,
2982,
2983,
2984,
2986,
2990,
3007,
3025,
3028,
3030,
3036,
3053,
3069,
3071,
3086,
3090,
3105,
3107,
3108,
3112,
3121,
3139,
3148,
3157,
3167,
3186,
3191,
3226,
3229,
3239,
3244,
3252,
3272,
3273,
3291,
3296,
3323,
3333,
3340,
3358,
3359,
3370,
3384,
3401,
3420,
3425,
3437,
3443,
3444,
3453,
3462,
3469,
3479,
3481,
3497,
3504,
3508,
3512,
3515,
3538,
3541,
3546,
3547,
3560,
3576,
3578,
3620,
3686,
3688,
3699,
3702,
3718,
3725,
3729,
3753,
3760,
3764,
3770,
3781,
3786,
3796,
3806,
3807,
3809,
3817,
3839,
3845,
3853,
3858,
3859,
3880,
3897,
3907,
3935,
3943,
3947,
3953,
3967,
3975,
3981,
3991,
3996,
4034,
4038,
4039,
4057,
4065,
4077,
4091,
4101,
4109,
4136,
4139,
4164,
4169,
4191,
4196,
4198,
4260,
4282,
4293,
4335,
4347,
4374,
4422,
4458,
4460,
4484,
4496,
4549,
4555,
4568,
4571,
4595,
4599,
4600,
4601,
4623,
4627,
4633,
4640,
4649,
4654,
4662,
4686,
4690,
4693,
4730,
4744,
4748,
4775,
4778,
4781,
4826,
4859,
4880,
4888,
4891,
4894,
4897,
4908,
4917,
4954,
4971,
4984,
4990,
4998,
5007,
5025,
5045,
5047,
5053,
5060,
5090,
5091,
5095,
5112,
5118,
5119,
5130,
5141,
5143,
5157,
5169,
5188,
5232,
5236,
5281,
5328,
5335,
5369,
5383,
5403,
5413,
5415,
5481,
5493,
5501,
5506,
5511,
5520,
5528,
5537,
5553,
5567,
5573,
5592,
5603,
5604,
5620,
5635,
5636,
5642,
5643,
5645,
5655,
5674,
5682,
5710,
5713,
5715,
5719,
5730,
5749,
5756,
5767,
5787,
5804,
5809,
5819,
5827,
5838,
5841,
5848,
5868,
5879,
5886,
5889,
5909,
5912,
5926,
5936,
5943,
5952,
5953,
5957,
5958,
5960,
5966,
5973,
5985,
5999,
6058,
6063,
6064,
6073,
6080,
6083,
6096,
6104,
6120,
6144,
6151,
6154,
6162,
6170,
6201,
6204,
6210,
6229,
6231,
6285,
6297,
6299,
6329,
6374,
6403,
6430,
6438,
6445,
6453,
6465,
6472,
6482,
6483,
6492,
6504,
6506,
6514,
6548,
6561,
6567,
6572,
6582,
6586,
6618,
6645,
6657,
6666,
6678,
6688,
6700,
6719,
6720,
6731,
6743,
6770,
6789,
6791,
6794,
6804,
6816,
6819,
6831,
6834,
6846,
6848,
6850,
6863,
6872,
6878,
6887,
6892,
6902,
6926,
6935,
6936,
6946,
6947,
6961,
6970,
6984,
6999,
7026,
7055,
7056,
7079,
7080,
7082,
7089,
7121,
7146,
7159,
7171,
7175,
7188,
7201,
7212,
7220,
7229,
7235,
7246,
7254,
7262,
7273,
7307,
7310,
7313,
7316,
7339,
7354,
7364,
7393,
7398,
7400,
7409,
7411,
7426,
7439,
7453,
7454,
7471,
7474,
7485,
7509,
7511,
7512,
7521,
7523,
7524,
7526,
7549,
7553,
7557,
7563,
7575,
7576,
7601,
7610,
7655,
7693,
7695,
7696,
7702,
7708,
7716,
7720,
7734,
7737,
7769,
7780,
7782,
7787,
7794,
7796,
7826,
7829,
7836,
7886,
7901,
7902,
7909,
7922,
7931,
7933,
7939,
7952,
7972,
7983,
7984,
7985,
7986,
7995,
8002,
8015,
8020,
8023,
8058,
8063,
8074,
8075,
8087,
8100,
8140,
8145,
8146,
8152,
8170,
8171,
8176,
8187,
8191,
8198,
8204,
8219,
8223,
8233,
8257,
8277,
8278,
8286,
8306,
8310,
8319,
8326,
8334,
8340,
8362,
8365,
8368,
8374,
8377,
8378,
8384,
8396,
8399,
8411,
8433,
8451,
8458,
8462,
8478,
8488,
8509,
8533,
8537,
8541,
8547,
8553,
8561,
8568,
8592,
8604,
8610,
8614,
8616,
8651,
8658,
8660,
8663,
8672,
8687,
8695,
8750,
8779,
8790,
8792,
8803,
8819,
8861,
8924,
8966,
8981,
9002,
9014,
9015,
9056,
9062,
9070,
9080,
9085,
9109,
9120,
9135,
9140,
9145,
9152,
9154,
9156,
9168,
9183,
9219,
9236,
9239,
9244,
9257,
9261,
9271,
9292,
9294,
9323,
9327,
9332,
9335,
9360,
9370,
9376,
9406,
9411,
9416,
9423,
9440,
9450,
9453,
9465,
9469,
9470,
9476,
9484,
9515,
9532,
9537,
9548,
9565,
9569,
9578,
9592,
9608,
9633,
9648,
9659,
9670,
9674,
9696,
9700,
9702,
9704,
9718,
9753,
9758,
9766,
9771,
9777,
9808,
9838,
9843,
9851,
9867,
9885,
9915,
9977,
9988,
9991,
10011,
10020,
10021,
10025,
10026,
10029,
10037,
10044,
10063,
10076,
10083,
10087,
10129,
10153,
10173,
10180,
10184,
10192,
10197,
10235,
10260,
10262,
10272,
10282,
10296,
10330,
10356,
10361,
10377,
10379,
10380,
10388,
10397,
10405,
10414,
10467,
10492,
10497,
10501,
10515,
10528,
10549,
10551,
10555,
10565,
10567,
10571,
10579,
10582,
10622,
10625,
10632,
10640,
10644,
10649,
10651,
10656,
10660,
10705,
10718,
10735,
10740,
10749,
10750,
10757,
10768,
10769,
10802,
10808,
10811,
10835,
10887,
10893,
10907,
10914,
10926,
10944,
10956,
10958,
10994,
11043,
11057,
11074,
11086,
11087,
11094,
11105,
11117,
11129,
11141,
11163,
11183,
11187,
11204,
11226,
11241,
11245,
11265,
11272,
11274,
11281,
11333,
11346,
11357,
11368,
11383,
11389,
11409,
11413,
11422,
11426,
11441,
11442,
11447,
11463,
11475,
11493,
11505,
11521,
11548,
11549,
11555,
11559,
11560,
11567,
11572,
11581,
11582,
11594,
11607,
11615,
11616,
11631,
11632,
11639,
11650,
11652,
11692,
11704,
11712,
11740,
11741,
11774,
11789,
11795,
11803,
11811,
11821,
11828,
11829,
11880,
11881,
11887,
11903,
11917,
11919,
11942,
11971,
11977,
11997,
12004,
12036,
12038,
12046,
12064,
12073,
12074,
12080,
12085,
12091,
12098,
12099,
12119,
12130,
12160,
12172,
12181,
12203,
12205,
12234,
12248,
12285,
12292,
12307,
12319,
12321,
12326,
12348,
12372,
12374,
12390,
12445,
12449,
12450,
12456,
12460,
12472,
12521,
12526,
12535,
12537,
12552,
12567,
12583,
12603,
12608,
12624,
12626,
12636,
12680,
12696,
12721,
12741,
12748,
12768,
12776,
12803,
12809,
12819,
12842,
12859,
12915,
12918,
12927,
12937,
12940,
12954,
12971,
13023,
13039,
13041,
13055,
13059,
13060,
13076,
13079,
13080,
13095,
13103,
13114,
13139,
13140,
13144,
13169,
13171,
13186,
13209,
13212,
13214,
13226,
13229,
13237,
13242,
13257,
13308,
13324,
13329,
13333,
13365,
13367,
13373,
13386,
13398,
13400,
13415,
13445,
13451,
13462,
13469,
13472,
13479,
13496,
13534,
13536,
13547,
13553,
13555,
13561,
13574,
13581,
13591,
13595,
13612,
13624,
13640,
13642,
13654,
13664,
13676,
13678,
13692,
13694,
13708,
13754,
13770,
13771,
13776,
13787,
13791,
13817,
13818,
13824,
13840,
13841,
13851,
13856,
13870,
13875,
13876,
13879,
13882,
13952,
13955,
13958,
13978,
13979,
13987,
13988,
14011,
14016,
14048,
14058,
14071,
14073,
14126,
14128,
14135,
14136,
14162,
14165,
14216,
14223,
14237,
14238,
14249,
14259,
14260,
14268,
14269,
14276,
14288,
14292,
14315,
14337,
14353,
14356,
14358,
14365,
14418,
14420,
14423,
14460,
14467,
14472,
14484,
14510,
14536,
14585,
14601,
14620,
14644,
14652,
14661,
14675,
14682,
14702,
14730,
14732,
14745,
14758,
14768,
14783,
14814,
14833,
14837,
14867,
14887,
14892,
14893,
14899,
14907,
14927,
14932,
14957,
14973,
14976,
14978,
14982,
14996,
14997,
15003,
15020,
15028,
15035,
15070,
15084,
15098,
15105,
15115,
15142,
15150,
15151,
15154,
15194,
15238,
15256,
15268,
15269,
15279,
15286,
15316,
15330,
15332,
15362,
15368,
15374,
15399,
15426,
15429,
15437,
15443,
15445,
15462,
15464,
15477,
15479,
15529,
15532,
15580,
15587,
15649,
15699,
15704,
15705,
15714,
15717,
15719,
15743,
15757,
15775,
15791,
15792,
15796,
15801,
15851,
15881,
15909,
15934,
15936,
15949,
15960,
15968,
15988,
15993,
16000,
16004,
16054,
16058,
16069,
16073,
16108,
16143,
16145,
16163,
16168,
16198,
16205,
16228,
16237,
16256,
16266,
16274,
16293,
16298,
16300,
16308,
16317,
16320,
16323,
16329,
16330,
16351,
16380,
16381,
16393,
16403,
16408,
16427,
16430,
16431,
16432,
16452,
16469,
16492,
16494,
16513,
16518,
16538,
16543,
16578,
16579,
16583,
16593,
16607,
16609,
16612,
16616,
16625,
16639,
16649,
16669,
16670,
16716,
16725,
16727,
16779,
16780,
16781,
16810,
16824,
16834,
16861,
16867,
16875,
16905,
16911,
16913,
16915,
16917,
16918,
16919,
16921,
16926,
16936,
16939,
16942,
16974,
16991,
17012,
17026,
17051,
17058,
17067,
17073,
17086,
17092,
17113,
17114,
17116,
17120,
17124,
17127,
17131,
17132,
17151,
17156,
17157,
17163,
17166,
17167,
17175,
17176,
17197,
17212,
17222,
17226,
17232,
17236,
17255,
17269,
17274,
17296,
17300,
17323,
17333,
17354,
17366,
17368,
17396,
17414,
17448,
17449,
17464,
17468,
17482,
17483,
17496,
17545,
17549,
17563,
17568,
17605,
17607,
17665,
17680,
17684,
17695,
17711,
17723,
17731,
17734,
17747,
17769,
17777,
17796,
17809,
17817,
17819,
17825,
17830,
17834,
17866,
17893,
17895,
17917,
17942,
17943,
17946,
17960,
17982,
17983,
17984,
18006,
18024,
18028,
18033,
18034,
18076,
18082,
18104,
18130,
18132,
18138,
18154,
18160,
18166,
18177,
18183,
18205,
18214,
18216,
18229,
18247,
18269,
18281,
18288,
18343,
18356,
18361,
18364,
18372,
18405,
18409,
18418,
18477,
18492,
18502,
18503,
18511,
18535,
18542,
18549,
18578,
18596,
18598,
18602,
18604,
18616,
18623,
18627,
18628,
18635,
18638,
18645,
18647,
18648,
18650,
18656,
18660,
18675,
18686,
18690,
18702,
18717,
18719,
18720,
18724,
18729,
18746,
18748,
18781,
18789,
18792,
18806,
18810,
18834,
18842,
18849,
18852,
18867,
18880,
18886,
18892,
18906,
18915,
18923,
18924,
18956,
18967,
18976,
18990,
18994,
19001,
19005,
19018,
19019,
19024,
19028,
19033,
19037,
19043,
19047,
19060,
19075,
19094,
19105,
19138,
19140,
19151,
19152,
19185,
19199,
19201,
19202,
19212,
19213,
19215,
19226,
19232,
19236,
19253,
19267,
19281,
19284,
19319,
19327,
19328,
19371,
19395,
19410,
19425,
19433,
19444,
19455,
19465,
19484,
19491,
19503,
19516,
19530,
19533,
19550,
19554,
19574,
19576,
19578,
19634,
19640,
19658,
19696,
19698,
19710,
19713,
19741,
19744,
19758,
19783,
19786,
19791,
19805,
19813,
19825,
19828,
19836,
19848,
19881,
19889,
19895,
19898,
19938,
19949,
19955,
19976,
19980,
19988,
19998,
