,crowd
9,1
16,1
17,1
24,1
29,1
42,1
67,1
74,1
77,1
116,1
118,1
143,1
147,1
187,1
195,1
208,1
224,1
229,1
233,1
234,1
285,1
291,1
295,1
304,1
309,1
314,1
318,1
323,1
337,1
362,1
365,1
387,1
409,1
444,1
484,1
489,1
510,1
515,1
522,1
531,1
549,1
567,1
590,1
591,1
597,1
599,1
605,1
606,1
608,1
637,1
649,1
651,1
671,1
682,1
683,1
686,1
694,1
700,1
724,1
736,1
752,1
754,1
765,1
786,1
793,1
801,1
810,1
821,1
823,1
841,1
843,1
879,1
902,1
905,1
937,1
946,1
967,1
969,1
1004,1
1029,1
1035,1
1055,1
1058,1
1063,1
1064,1
1073,1
1113,1
1120,1
1150,1
1160,1
1166,1
1174,1
1199,1
1216,1
1233,1
1234,1
1251,1
1261,1
1263,1
1294,1
1297,1
1334,1
1341,1
1345,1
1351,1
1353,1
1367,1
1382,1
1387,1
1413,1
1438,1
1439,1
1452,1
1458,1
1470,1
1489,1
1500,1
1502,1
1529,1
1530,1
1531,1
1538,1
1544,1
1550,1
1557,1
1574,1
1577,1
1579,1
1591,1
1605,1
1613,1
1641,1
1647,1
1656,1
1659,1
1661,1
1677,1
1716,1
1721,1
1740,1
1755,1
1764,1
1767,1
1775,1
1780,1
1791,1
1794,1
1819,1
1820,1
1826,1
1848,1
1850,1
1872,1
1910,1
1994,1
1995,1
2001,1
2015,1
2020,1
2022,1
2026,1
2039,1
2041,1
2055,1
2056,1
2058,1
2062,1
2068,1
2069,1
2079,1
2085,1
2091,1
2092,1
2115,1
2129,1
2136,1
2137,1
2157,1
2163,1
2164,1
2166,1
2203,1
2209,1
2244,1
2264,1
2268,1
2283,1
2297,1
2307,1
2322,1
2375,1
2378,1
2403,1
2407,1
2423,1
2439,1
2459,1
2495,1
2496,1
2506,1
2511,1
2523,1
2527,1
2529,1
2533,1
2547,1
2565,1
2584,1
2591,1
2596,1
2604,1
2609,1
2618,1
2643,1
2648,1
2651,1
2661,1
2669,1
2673,1
2708,1
2710,1
2716,1
2743,1
2777,1
2778,1
2782,1
2795,1
2796,1
2807,1
2809,1
2816,1
2819,1
2826,1
2832,1
2833,1
2839,1
2877,1
2885,1
2888,1
2889,1
2903,1
2918,1
2963,1
2975,1
2982,1
2983,1
2984,1
2986,1
2990,1
3007,1
3025,1
3028,1
3030,1
3036,1
3053,1
3069,1
3071,1
3086,1
3090,1
3105,1
3107,1
3108,1
3112,1
3121,1
3139,1
3148,1
3157,1
3167,1
3186,1
3191,1
3226,1
3229,1
3239,1
3244,1
3252,1
3272,1
3273,1
3291,1
3296,1
3323,1
3333,1
3340,1
3358,1
3359,1
3370,1
3384,1
3401,1
3420,1
3425,1
3437,1
3443,1
3444,1
3453,1
3462,1
3469,1
3479,1
3481,1
3497,1
3504,1
3508,1
3512,1
3515,1
3538,1
3541,1
3546,1
3547,1
3560,1
3576,1
3578,1
3620,1
3686,1
3688,1
3699,1
3702,1
3718,1
3725,1
3729,1
3753,1
3760,1
3764,1
3770,1
3781,1
3786,1
3796,1
3806,1
3807,1
3809,1
3817,1
3839,1
3845,1
3853,1
3858,1
3859,1
3880,1
3897,1
3907,1
3935,1
3943,1
3947,1
3953,1
3967,1
3975,1
3981,1
3991,1
3996,1
4034,1
4038,1
4039,1
4057,1
4065,1
4077,1
4091,1
4101,1
4109,1
4136,1
4139,1
4164,1
4169,1
4191,1
4196,1
4198,1
4260,1
4282,1
4293,1
4335,1
4347,1
4374,1
4422,1
4458,1
4460,1
4484,1
4496,1
4549,1
4555,1
4568,1
4571,1
4595,1
4599,1
4600,1
4601,1
4623,1
4627,1
4633,1
4640,1
4649,1
4654,1
4662,1
4686,1
4690,1
4693,1
4730,1
4744,1
4748,1
4775,1
4778,1
4781,1
4826,1
4859,1
4880,1
4888,1
4891,1
4894,1
4897,1
4908,1
4917,1
4954,1
4971,1
4984,1
4990,1
4998,1
5007,1
5025,1
5045,1
5047,1
5053,1
5060,1
5090,1
5091,1
5095,1
5112,1
5118,1
5119,1
5130,1
5141,1
5143,1
5157,1
5169,1
5188,1
5232,1
5236,1
5281,1
5328,1
5335,1
5369,1
5383,1
5403,1
5413,1
5415,1
5481,1
5493,1
5501,1
5506,1
5511,1
5520,1
5528,1
5537,1
5553,1
5567,1
5573,1
5592,1
5603,1
5604,1
5620,1
5635,1
5636,1
5642,1
5643,1
5645,1
5655,1
5674,1
5682,1
5710,1
5713,1
5715,1
5719,1
5730,1
5749,1
5756,1
5767,1
5787,1
5804,1
5809,1
5819,1
5827,1
5838,1
5841,1
5848,1
5868,1
5879,1
5886,1
5889,1
5909,1
5912,1
5926,1
5936,1
5943,1
5952,1
5953,1
5957,1
5958,1
5960,1
5966,1
5973,1
5985,1
5999,1
6058,1
6063,1
6064,1
6073,1
6080,1
6083,1
6096,1
6104,1
6120,1
6144,1
6151,1
6154,1
6162,1
6170,1
6201,1
6204,1
6210,1
6229,1
6231,1
6285,1
6297,1
6299,1
6329,1
6374,1
6403,1
6430,1
6438,1
6445,1
6453,1
6465,1
6472,1
6482,1
6483,1
6492,1
6504,1
6506,1
6514,1
6548,1
6561,1
6567,1
6572,1
6582,1
6586,1
6618,1
6645,1
6657,1
6666,1
6678,1
6688,1
6700,1
6719,1
6720,1
6731,1
6743,1
6770,1
6789,1
6791,1
6794,1
6804,1
6816,1
6819,1
6831,1
6834,1
6846,1
6848,1
6850,1
6863,1
6872,1
6878,1
6887,1
6892,1
6902,1
6926,1
6935,1
6936,1
6946,1
6947,1
6961,1
6970,1
6984,1
6999,1
7026,1
7055,1
7056,1
7079,1
7080,1
7082,1
7089,1
7121,1
7146,1
7159,1
7171,1
7175,1
7188,1
7201,1
7212,1
7220,1
7229,1
7235,1
7246,1
7254,1
7262,1
7273,1
7307,1
7310,1
7313,1
7316,1
7339,1
7354,1
7364,1
7393,1
7398,1
7400,1
7409,1
7411,1
7426,1
7439,1
7453,1
7454,1
7471,1
7474,1
7485,1
7509,1
7511,1
7512,1
7521,1
7523,1
7524,1
7526,1
7549,1
7553,1
7557,1
7563,1
7575,1
7576,1
7601,1
7610,1
7655,1
7693,1
7695,1
7696,1
7702,1
7708,1
7716,1
7720,1
7734,1
7737,1
7769,1
7780,1
7782,1
7787,1
7794,1
7796,1
7826,1
7829,1
7836,1
7886,1
7901,1
7902,1
7909,1
7922,1
7931,1
7933,1
7939,1
7952,1
7972,1
7983,1
7984,1
7985,1
7986,1
7995,1
8002,1
8015,1
8020,1
8023,1
8058,1
8063,1
8074,1
8075,1
8087,1
8100,1
8140,1
8145,1
8146,1
8152,1
8170,1
8171,1
8176,1
8187,1
8191,1
8198,1
8204,1
8219,1
8223,1
8233,1
8257,1
8277,1
8278,1
8286,1
8306,1
8310,1
8319,1
8326,1
8334,1
8340,1
8362,1
8365,1
8368,1
8374,1
8377,1
8378,1
8384,1
8396,1
8399,1
8411,1
8433,1
8451,1
8458,1
8462,1
8478,1
8488,1
8509,1
8533,1
8537,1
8541,1
8547,1
8553,1
8561,1
8568,1
8592,1
8604,1
8610,1
8614,1
8616,1
8651,1
8658,1
8660,1
8663,1
8672,1
8687,1
8695,1
8750,1
8779,1
8790,1
8792,1
8803,1
8819,1
8861,1
8924,1
8966,1
8981,1
9002,1
9014,1
9015,1
9056,1
9062,1
9070,1
9080,1
9085,1
9109,1
9120,1
9135,1
9140,1
9145,1
9152,1
9154,1
9156,1
9168,1
9183,1
9219,1
9236,1
9239,1
9244,1
9257,1
9261,1
9271,1
9292,1
9294,1
9323,1
9327,1
9332,1
9335,1
9360,1
9370,1
9376,1
9406,1
9411,1
9416,1
9423,1
9440,1
9450,1
9453,1
9465,1
9469,1
9470,1
9476,1
9484,1
9515,1
9532,1
9537,1
9548,1
9565,1
9569,1
9578,1
9592,1
9608,1
9633,1
9648,1
9659,1
9670,1
9674,1
9696,1
9700,1
9702,1
9704,1
9718,1
9753,1
9758,1
9766,1
9771,1
9777,1
9808,1
9838,1
9843,1
9851,1
9867,1
9885,1
9915,1
9977,1
9988,1
9991,1
10011,1
10020,1
10021,1
10025,1
10026,1
10029,1
10037,1
10044,1
10063,1
10076,1
10083,1
10087,1
10129,1
10153,1
10173,1
10180,1
10184,1
10192,1
10197,1
10235,1
10260,1
10262,1
10272,1
10282,1
10296,1
10330,1
10356,1
10361,1
10377,1
10379,1
10380,1
10388,1
10397,1
10405,1
10414,1
10467,1
10492,1
10497,1
10501,1
10515,1
10528,1
10549,1
10551,1
10555,1
10565,1
10567,1
10571,1
10579,1
10582,1
10622,1
10625,1
10632,1
10640,1
10644,1
10649,1
10651,1
10656,1
10660,1
10705,1
10718,1
10735,1
10740,1
10749,1
10750,1
10757,1
10768,1
10769,1
10802,1
10808,1
10811,1
10835,1
10887,1
10893,1
10907,1
10914,1
10926,1
10944,1
10956,1
10958,1
10994,1
11043,1
11057,1
11074,1
11086,1
11087,1
11094,1
11105,1
11117,1
11129,1
11141,1
11163,1
11183,1
11187,1
11204,1
11226,1
11241,1
11245,1
11265,1
11272,1
11274,1
11281,1
11333,1
11346,1
11357,1
11368,1
11383,1
11389,1
11409,1
11413,1
11422,1
11426,1
11441,1
11442,1
11447,1
11463,1
11475,1
11493,1
11505,1
11521,1
11548,1
11549,1
11555,1
11559,1
11560,1
11567,1
11572,1
11581,1
11582,1
11594,1
11607,1
11615,1
11616,1
11631,1
11632,1
11639,1
11650,1
11652,1
11692,1
11704,1
11712,1
11740,1
11741,1
11774,1
11789,1
11795,1
11803,1
11811,1
11821,1
11828,1
11829,1
11880,1
11881,1
11887,1
11903,1
11917,1
11919,1
11942,1
11971,1
11977,1
11997,1
12004,1
12036,1
12038,1
12046,1
12064,1
12073,1
12074,1
12080,1
12085,1
12091,1
12098,1
12099,1
12119,1
12130,1
12160,1
12172,1
12181,1
12203,1
12205,1
12234,1
12248,1
12285,1
12292,1
12307,1
12319,1
12321,1
12326,1
12348,1
12372,1
12374,1
12390,1
12445,1
12449,1
12450,1
12456,1
12460,1
12472,1
12521,1
12526,1
12535,1
12537,1
12552,1
12567,1
12583,1
12603,1
12608,1
12624,1
12626,1
12636,1
12680,1
12696,1
12721,1
12741,1
12748,1
12768,1
12776,1
12803,1
12809,1
12819,1
12842,1
12859,1
12915,1
12918,1
12927,1
12937,1
12940,1
12954,1
12971,1
13023,1
13039,1
13041,1
13055,1
13059,1
13060,1
13076,1
13079,1
13080,1
13095,1
13103,1
13114,1
13139,1
13140,1
13144,1
13169,1
13171,1
13186,1
13209,1
13212,1
13214,1
13226,1
13229,1
13237,1
13242,1
13257,1
13308,1
13324,1
13329,1
13333,1
13365,1
13367,1
13373,1
13386,1
13398,1
13400,1
13415,1
13445,1
13451,1
13462,1
13469,1
13472,1
13479,1
13496,1
13534,1
13536,1
13547,1
13553,1
13555,1
13561,1
13574,1
13581,1
13591,1
13595,1
13612,1
13624,1
13640,1
13642,1
13654,1
13664,1
13676,1
13678,1
13692,1
13694,1
13708,1
13754,1
13770,1
13771,1
13776,1
13787,1
13791,1
13817,1
13818,1
13824,1
13840,1
13841,1
13851,1
13856,1
13870,1
13875,1
13876,1
13879,1
13882,1
13952,1
13955,1
13958,1
13978,1
13979,1
13987,1
13988,1
14011,1
14016,1
14048,1
14058,1
14071,1
14073,1
14126,1
14128,1
14135,1
14136,1
14162,1
14165,1
14216,1
14223,1
14237,1
14238,1
14249,1
14259,1
14260,1
14268,1
14269,1
14276,1
14288,1
14292,1
14315,1
14337,1
14353,1
14356,1
14358,1
14365,1
14418,1
14420,1
14423,1
14460,1
14467,1
14472,1
14484,1
14510,1
14536,1
14585,1
14601,1
14620,1
14644,1
14652,1
14661,1
14675,1
14682,1
14702,1
14730,1
14732,1
14745,1
14758,1
14768,1
14783,1
14814,1
14833,1
14837,1
14867,1
14887,1
14892,1
14893,1
14899,1
14907,1
14927,1
14932,1
14957,1
14973,1
14976,1
14978,1
14982,1
14996,1
14997,1
15003,1
15020,1
15028,1
15035,1
15070,1
15084,1
15098,1
15105,1
15115,1
15142,1
15150,1
15151,1
15154,1
15194,1
15238,1
15256,1
15268,1
15269,1
15279,1
15286,1
15316,1
15330,1
15332,1
15362,1
15368,1
15374,1
15399,1
15426,1
15429,1
15437,1
15443,1
15445,1
15462,1
15464,1
15477,1
15479,1
15529,1
15532,1
15580,1
15587,1
15649,1
15699,1
15704,1
15705,1
15714,1
15717,1
15719,1
15743,1
15757,1
15775,1
15791,1
15792,1
15796,1
15801,1
15851,1
15881,1
15909,1
15934,1
15936,1
15949,1
15960,1
15968,1
15988,1
15993,1
16000,1
16004,1
16054,1
16058,1
16069,1
16073,1
16108,1
16143,1
16145,1
16163,1
16168,1
16198,1
16205,1
16228,1
16237,1
16256,1
16266,1
16274,1
16293,1
16298,1
16300,1
16308,1
16317,1
16320,1
16323,1
16329,1
16330,1
16351,1
16380,1
16381,1
16393,1
16403,1
16408,1
16427,1
16430,1
16431,1
16432,1
16452,1
16469,1
16492,1
16494,1
16513,1
16518,1
16538,1
16543,1
16578,1
16579,1
16583,1
16593,1
16607,1
16609,1
16612,1
16616,1
16625,1
16639,1
16649,1
16669,1
16670,1
16716,1
16725,1
16727,1
16779,1
16780,1
16781,1
16810,1
16824,1
16834,1
16861,1
16867,1
16875,1
16905,1
16911,1
16913,1
16915,1
16917,1
16918,1
16919,1
16921,1
16926,1
16936,1
16939,1
16942,1
16974,1
16991,1
17012,1
17026,1
17051,1
17058,1
17067,1
17073,1
17086,1
17092,1
17113,1
17114,1
17116,1
17120,1
17124,1
17127,1
17131,1
17132,1
17151,1
17156,1
17157,1
17163,1
17166,1
17167,1
17175,1
17176,1
17197,1
17212,1
17222,1
17226,1
17232,1
17236,1
17255,1
17269,1
17274,1
17296,1
17300,1
17323,1
17333,1
17354,1
17366,1
17368,1
17396,1
17414,1
17448,1
17449,1
17464,1
17468,1
17482,1
17483,1
17496,1
17545,1
17549,1
17563,1
17568,1
17605,1
17607,1
17665,1
17680,1
17684,1
17695,1
17711,1
17723,1
17731,1
17734,1
17747,1
17769,1
17777,1
17796,1
17809,1
17817,1
17819,1
17825,1
17830,1
17834,1
17866,1
17893,1
17895,1
17917,1
17942,1
17943,1
17946,1
17960,1
17982,1
17983,1
17984,1
18006,1
18024,1
18028,1
18033,1
18034,1
18076,1
18082,1
18104,1
18130,1
18132,1
18138,1
18154,1
18160,1
18166,1
18177,1
18183,1
18205,1
18214,1
18216,1
18229,1
18247,1
18269,1
18281,1
18288,1
18343,1
18356,1
18361,1
18364,1
18372,1
18405,1
18409,1
18418,1
18477,1
18492,1
18502,1
18503,1
18511,1
18535,1
18542,1
18549,1
18578,1
18596,1
18598,1
18602,1
18604,1
18616,1
18623,1
18627,1
18628,1
18635,1
18638,1
18645,1
18647,1
18648,1
18650,1
18656,1
18660,1
18675,1
18686,1
18690,1
18702,1
18717,1
18719,1
18720,1
18724,1
18729,1
18746,1
18748,1
18781,1
18789,1
18792,1
18806,1
18810,1
18834,1
18842,1
18849,1
18852,1
18867,1
18880,1
18886,1
18892,1
18906,1
18915,1
18923,1
18924,1
18956,1
18967,1
18976,1
18990,1
18994,1
19001,1
19005,1
19018,1
19019,1
19024,1
19028,1
19033,1
19037,1
19043,1
19047,1
19060,1
19075,1
19094,1
19105,1
19138,1
19140,1
19151,1
19152,1
19185,1
19199,1
19201,1
19202,1
19212,1
19213,1
19215,1
19226,1
19232,1
19236,1
19253,1
19267,1
19281,1
19284,1
19319,1
19327,1
19328,1
19371,1
19395,1
19410,1
19425,1
19433,1
19444,1
19455,1
19465,1
19484,1
19491,1
19503,1
19516,1
19530,1
19533,1
19550,1
19554,1
19574,1
19576,1
19578,1
19634,1
19640,1
19658,1
19696,1
19698,1
19710,1
19713,1
19741,1
19744,1
19758,1
19783,1
19786,1
19791,1
19805,1
19813,1
19825,1
19828,1
19836,1
19848,1
19881,1
19889,1
19895,1
19898,1
19938,1
19949,1
19955,1
19976,1
19980,1
19988,1
19998,1
